spearman_rho,pearson_r
-0.47884009575077296,-0.5964268136848989
